id,subreddit,query,title,score,num_comments,created_utc,url,selftext,flair,author
16redj4,PartneredYoutube,demonetization AI,Demonetization because AI?,1,1,2023-09-25T01:06:56,https://reddit.com/r/PartneredYoutube/comments/16redj4/demonetization_because_ai/,[removed],Question / Problem,[익명처리]
197l1eo,PartneredYoutube,AI channel demonetized,"Im thinking about a WWE 2k23 Universe mode channel, the idea of using AI voices of wrestlers in promos really intrigued me, but would that make my channel demonetized?",1,1,2024-01-15T21:49:04,https://reddit.com/r/PartneredYoutube/comments/197l1eo/im_thinking_about_a_wwe_2k23_universe_mode/,[removed],Question / Problem,[익명처리]
ybrauv,PartneredYoutube,AI channel demonetized,Ai voice question,2,5,2022-10-23T19:56:19,https://reddit.com/r/PartneredYoutube/comments/ybrauv/ai_voice_question/,"Hi,
I have a strange question I haven’t seen asked. 

I am a podcaster, and I did an interview with an ai bot from open ai. 

I have seen people posting on here about getting demonetized from using ai voiceovers and the like. 

This is a back and forth with an ai, as if I’m asking questions to the human guests I regularly have on. 

Should I be concerned about monetization by putting this video on my channel, or is there another preferred method for computer generated voices in videos, other best practices, etc. 

Any help is much appreciated. 

Thanks fellow YouTubers.",,[익명처리]
am1oaa,PartneredYoutube,AI channel demonetized,My channel was demonetized even though it mostly has public domain content,2,13,2019-02-01T12:48:32,https://reddit.com/r/PartneredYoutube/comments/am1oaa/my_channel_was_demonetized_even_though_it_mostly/," 

Hello Guys, I am partnered, two days ago my channel Climate State has been demonetized, for what appears to be based on a faulty AI. The channel is in good standing otherwise, **most of our content is public domain**, and **we frequently get asked to re-upload, or reuse content on our channel**, or we simply get content permissions. We usually sort out copyright claims on our channel, unless we want the specific content, ie. song.

However, what we get from **the demonatizing notification is that our channel presumably uploads mostly reused content without permissions**, but which clearly i",,[익명처리]
1h77ja0,PartneredYoutube,artificial intelligence monetization,Artificial intelligence videos,1,0,2024-12-05T11:57:59,https://reddit.com/r/PartneredYoutube/comments/1h77ja0/artificial_intelligence_videos/,Hi. Would it be okay if I make videos through Artificial Intelligence and upload them on YouTube? Will it affect my monetization? Kindly tell. Thanks,Question / Problem,[익명처리]
1fezhxu,PartneredYoutube,artificial intelligence monetization,"After monetization was enabled, my traffic stopped.",1,0,2024-09-12T10:44:28,https://reddit.com/r/PartneredYoutube/comments/1fezhxu/after_monetization_was_enabled_my_traffic_stopped/,"Hello friends, I need your experiences. All the channels I have produced for the last 2 years have had their traffic die out within 1 week after my monetization application was approved. For example, while 2-4k views were received for 48 hours, it drops to 30-40. There is no problem until monetization is enabled, though.



Has anyone experienced this? The same result in all channels, food, DIY, games, religion, artificial intelligence. I am now at the point of quitting. Does anyone have a suggestion?",,[익명처리]
1b0yph4,PartneredYoutube,artificial intelligence monetization,help about Quiz Channel,1,0,2024-02-27T01:07:57,https://reddit.com/r/PartneredYoutube/comments/1b0yph4/help_about_quiz_channel/,"hi everyone  
please help me

I want to create a quiz channel. And using high-quality images and software such as After Effects to make motion graphics for it And use my own voice for videos. **(NO AI TOOL)**

Do you have any suggestions in this regard?  
Are these channels monetized?

SECOND QUESTION:  
Considering that I don't have good audio equipment. Can I use artificial intelligence voices? Does it have an effect on monetization?",Question / Problem,[익명처리]
1jxjayd,NewTubers,AI demonetization,Is there an Up to date list of demonetized words?,1,0,2025-04-12T15:03:46,https://reddit.com/r/NewTubers/comments/1jxjayd/is_there_an_up_to_date_list_of_demonetized_words/,"I'm far from needing to worry about ads in my videos, but I do worry since I keep getting conflicting information about how strict/not strict the demonetization is for your words like simply saying the word ""fight"" ""drugs"" or ""hoax"" will get your video ineligible for ad revenue. 

(insert gripe about their hypocrisy with all of their content-violating AI gacha app Ads)

Is there an up to date guide on what words really do flag your videos for demonization? And has anyone proved it also potentially kills your reach in the algorithm if the words are flagged?

  
Like seriously....Why the f\*\*\*",TECHNICAL QUESTION,[익명처리]
1ioirv7,NewTubers,AI demonetization,"Are AI Voiceovers &amp; AI-Generated Images Considered ""Altered Content"" on YouTube?",1,0,2025-02-13T13:14:45,https://reddit.com/r/NewTubers/comments/1ioirv7/are_ai_voiceovers_aigenerated_images_considered/,"Hey everyone, I’m creating YouTube videos using AI-generated voiceovers for narration and AI tools like MidJourney/DALL-E for visuals. When uploading, YouTube asks if the content is ""altered or synthetic."" I’m confused whether AI-generated elements count here.

**Why I’m conflicted:**

1. **Monetized Channels Ignoring It:** I’ve seen plenty of monetized channels use AI voices/images without checking ""altered content."" Are they breaking rules, or is AI exempt?
2. **YouTube’s Vague Policy:** Their guidelines mention ""synthetic"" content but focus on deepfakes/deceptive edits. If my AI voice isn’t",CONTENT QUESTION,[익명처리]
1iizmf8,NewTubers,AI demonetization,For those that used AI generated music - I tried to warn you,1,0,2025-02-06T10:34:41,https://reddit.com/r/NewTubers/comments/1iizmf8/for_those_that_used_ai_generated_music_i_tried_to/,"
The U.S. Copyright Office has officially reaffirmed that works generated by AI CANNOT be copyrighted.


You don’t own it. You never did. There’s a chance  you’ll lose all control, and there’s nothing you can do about it.

YouTube’s algorithms are smarter than you think. They’re already flagging AI music, and when they do, you’re facing demonetization or a takedown. Your entire video, your  revenue — gone.


AI music is built on stolen data. If you’re caught using it, you’re vulnerable to copyright claims that could cripple your channel.


I’m a composer. Last year when I barely started freela",COMMUNITY,[익명처리]
1gmx9ie,NewTubers,AI demonetization,Demonetization celeb ai voice?,1,1,2024-11-09T00:13:35,https://reddit.com/r/NewTubers/comments/1gmx9ie/demonetization_celeb_ai_voice/,[removed],CONTENT QUESTION,[익명처리]
17g9wwz,NewTubers,AI demonetization,So you cannot apply for monetization if you are demonetized now?,1,0,2023-10-25T17:17:03,https://reddit.com/r/NewTubers/comments/17g9wwz/so_you_cannot_apply_for_monetization_if_you_are/,"I have a demonetized channel and I have given up on ever finding out exactly what the hell causes it to be rejected from YPP. I've realized this content is overall no longer liked by YouTube, the problem is the entire channel consists of said content. They went from cool with it to problematic on a single day. Kind of like how ASMR, v-tubers, or parodies with AI voices were great at first, then random demonetizations started. They of course, have left untouched a few channels on this same niche because these people may have contacts inside YT or the staff may just have decided to do so. If you",TECHNICAL QUESTION,[익명처리]
14ve2ej,NewTubers,AI demonetization,"Channel from 2010 demonetized, what to do now?",0,22,2023-07-10T00:00:23,https://reddit.com/r/NewTubers/comments/14ve2ej/channel_from_2010_demonetized_what_to_do_now/,"Hi, my channel, which was created in 2010 and has been active since then has been demonetized. I want to post this here in hopes to expose what YouTube is doing behind the scenes and hopefully find someone who might be able to help. I am going to keep this as short as possible.

**To briefly explain what the channel is about:** I am a computer scientist specializing in game development, especially NPC AI. I primarily upload videos on NPC AI, covering different aspects such as behaviors, relationships, interactions, awareness, animations, and combat efficiency. I also make programming tutorials",COMMUNITY,[익명처리]
14p0hpu,NewTubers,AI demonetization,"(Reused Content) Refused Monetization, Thinking Bigger",1,0,2023-07-02T21:57:26,https://reddit.com/r/NewTubers/comments/14p0hpu/reused_content_refused_monetization_thinking/,"**30 Days to Blow Up:** What a whirlwind month.  Towards the end of my first month on YouTube, I had a video blowup to 400k + and 2.8k subscriptions in the span of less than a week. 60K+ Watch hours.

It was shocking, but I wasn't totally surprised. I analyzed a channel similar to what I wanted to do who had over 1M subscribers, many years of success and was monetized. No stealing or anything, but I just analyzed what they did right and made something similar that I thought fans of that genre would like.

**Refused Monetization:** When time came to monetize, I was refused for ""reused content.""",TIL,[익명처리]
uve57i,youtubers,demonetization AI content,[Question] Are there humans behind YouTube support or just AI?,2,11,2022-05-22T16:13:35,https://reddit.com/r/youtubers/comments/uve57i/question_are_there_humans_behind_youtube_support/,"You might be wondering why I'm asking this question but as someone with a long history of working with vendors and responses from different support teams, I'm finding the responses that I get from YouTube support cryptic, predictable if not comical at times.

TLDR - When you contact support is it a person or a computer responding to you?

L:et me explain.  I created a channel that uses only video that I shot.  It also has audio of nature that I recorded as well.  It took two years but the channel grew to have over 1000 subscribers and meet all the criteria to become monetized.  I was accepted ",Question,[익명처리]
